date,category,view_count,purchase_count,avg_price,trending_score
2026-03-11,Laptop & Máy tính,2386,278,12118444,0.51
2026-03-11,Làm đẹp & Sức khỏe,1290,161,902683,0.73
2026-03-11,Mẹ & Bé,2039,198,890364,0.57
2026-03-11,Sách & Văn phòng phẩm,1744,100,697515,0.62
2026-03-11,Thể thao & Du lịch,1230,160,697458,0.58
2026-03-11,Thời trang Nam,1422,196,942687,0.69
2026-03-11,Thời trang Nữ,815,89,838968,0.58
2026-03-11,Âm thanh & Phụ kiện,1166,91,2544207,0.44
2026-03-11,Điện thoại & Tablet,1333,134,10485375,0.99
2026-03-11,Đồ gia dụng,2889,360,879558,0.32
2026-03-12,Laptop & Máy tính,1176,151,16528319,0.89
2026-03-12,Làm đẹp & Sức khỏe,1867,121,301256,0.71
2026-03-12,Mẹ & Bé,2323,171,627385,0.84
2026-03-12,Sách & Văn phòng phẩm,715,55,342613,0.31
2026-03-12,Thể thao & Du lịch,2534,319,401774,0.65
2026-03-12,Thời trang Nam,2480,305,675481,0.83
2026-03-12,Thời trang Nữ,838,60,673523,0.46
2026-03-12,Âm thanh & Phụ kiện,1646,192,1607102,0.59
2026-03-12,Điện thoại & Tablet,1470,110,13015405,0.31
2026-03-12,Đồ gia dụng,1732,123,936939,0.61
2026-03-13,Laptop & Máy tính,2452,296,14808819,0.74
2026-03-13,Làm đẹp & Sức khỏe,1988,209,847618,0.42
2026-03-13,Mẹ & Bé,765,68,409249,0.54
2026-03-13,Sách & Văn phòng phẩm,1232,169,978072,0.56
2026-03-13,Thể thao & Du lịch,1743,251,894926,0.92
2026-03-13,Thời trang Nam,1518,131,523345,0.53
2026-03-13,Thời trang Nữ,2846,424,796132,0.48
2026-03-13,Âm thanh & Phụ kiện,974,128,2997481,0.79
2026-03-13,Điện thoại & Tablet,839,101,13984969,0.67
2026-03-13,Đồ gia dụng,2824,261,716301,0.64
2026-03-14,Laptop & Máy tính,945,104,16272267,0.52
2026-03-14,Làm đẹp & Sức khỏe,2750,327,644850,0.51
2026-03-14,Mẹ & Bé,2073,166,325974,0.79
2026-03-14,Sách & Văn phòng phẩm,2320,270,813090,0.39
2026-03-14,Thể thao & Du lịch,3116,192,350582,0.64
2026-03-14,Thời trang Nam,3881,226,471491,0.86
2026-03-14,Thời trang Nữ,2363,109,380555,0.88
2026-03-14,Âm thanh & Phụ kiện,2770,291,2687211,0.32
2026-03-14,Điện thoại & Tablet,1461,78,16532552,0.37
2026-03-14,Đồ gia dụng,817,81,629052,0.35
2026-03-15,Laptop & Máy tính,2306,250,16762181,0.77
2026-03-15,Làm đẹp & Sức khỏe,752,54,354928,0.42
2026-03-15,Mẹ & Bé,1375,163,457845,0.74
2026-03-15,Sách & Văn phòng phẩm,1570,147,440325,0.58
2026-03-15,Thể thao & Du lịch,3019,249,718645,0.31
2026-03-15,Thời trang Nam,2769,279,370221,0.51
2026-03-15,Thời trang Nữ,978,108,487725,0.64
2026-03-15,Âm thanh & Phụ kiện,2888,234,2071900,0.51
2026-03-15,Điện thoại & Tablet,2507,252,15218304,0.8
2026-03-15,Đồ gia dụng,686,73,471756,0.82
2026-03-16,Laptop & Máy tính,1889,197,15156945,0.59
2026-03-16,Làm đẹp & Sức khỏe,2989,412,626735,0.41
2026-03-16,Mẹ & Bé,2326,207,515831,0.75
2026-03-16,Sách & Văn phòng phẩm,2183,323,559271,0.34
2026-03-16,Thể thao & Du lịch,1115,163,852645,0.94
2026-03-16,Thời trang Nam,1588,113,830251,0.56
2026-03-16,Thời trang Nữ,1414,93,652554,0.34
2026-03-16,Âm thanh & Phụ kiện,1636,118,1823839,0.98
2026-03-16,Điện thoại & Tablet,1239,99,17854239,0.82
2026-03-16,Đồ gia dụng,2523,255,534079,0.58
2026-03-17,Laptop & Máy tính,512,72,13167743,0.39
2026-03-17,Làm đẹp & Sức khỏe,2134,231,858426,0.81
2026-03-17,Mẹ & Bé,1931,138,541158,0.7
2026-03-17,Sách & Văn phòng phẩm,1095,83,423279,0.86
2026-03-17,Thể thao & Du lịch,2649,207,677019,0.46
2026-03-17,Thời trang Nam,2406,321,673185,0.35
2026-03-17,Thời trang Nữ,1093,152,351815,0.96
2026-03-17,Âm thanh & Phụ kiện,1983,107,2183657,0.37
2026-03-17,Điện thoại & Tablet,2512,315,14189903,0.77
2026-03-17,Đồ gia dụng,655,47,506399,0.85
2026-03-18,Laptop & Máy tính,2158,261,19058367,0.37
2026-03-18,Làm đẹp & Sức khỏe,1305,88,878682,0.98
2026-03-18,Mẹ & Bé,2607,242,991832,0.6
2026-03-18,Sách & Văn phòng phẩm,2916,147,871914,0.71
2026-03-18,Thể thao & Du lịch,832,108,818109,0.62
2026-03-18,Thời trang Nam,708,76,796292,0.93
2026-03-18,Thời trang Nữ,513,47,987133,0.35
2026-03-18,Âm thanh & Phụ kiện,770,88,1073601,0.32
2026-03-18,Điện thoại & Tablet,1855,267,10691773,0.3
2026-03-18,Đồ gia dụng,1083,79,819499,0.57
2026-03-19,Laptop & Máy tính,2747,276,13004722,0.4
2026-03-19,Làm đẹp & Sức khỏe,856,47,442326,0.8
2026-03-19,Mẹ & Bé,1473,173,596669,0.52
2026-03-19,Sách & Văn phòng phẩm,1339,86,317209,0.33
2026-03-19,Thể thao & Du lịch,2128,216,427025,0.32
2026-03-19,Thời trang Nam,2531,338,733569,0.79
2026-03-19,Thời trang Nữ,1144,69,901124,0.35
2026-03-19,Âm thanh & Phụ kiện,2408,277,2875267,0.86
2026-03-19,Điện thoại & Tablet,843,52,9993796,0.34
2026-03-19,Đồ gia dụng,2073,282,845516,0.89
2026-03-20,Laptop & Máy tính,2693,377,10411078,0.81
2026-03-20,Làm đẹp & Sức khỏe,2986,166,863940,0.93
2026-03-20,Mẹ & Bé,1968,121,846879,0.41
2026-03-20,Sách & Văn phòng phẩm,1663,170,555288,0.8
2026-03-20,Thể thao & Du lịch,510,69,778629,0.9
2026-03-20,Thời trang Nam,2598,293,999101,0.45
2026-03-20,Thời trang Nữ,1648,181,703817,0.88
2026-03-20,Âm thanh & Phụ kiện,541,37,1908997,0.36
2026-03-20,Điện thoại & Tablet,1001,68,15751072,0.68
2026-03-20,Đồ gia dụng,590,35,852970,0.38
2026-03-21,Laptop & Máy tính,1618,181,9636089,0.63
2026-03-21,Làm đẹp & Sức khỏe,2740,314,571453,0.62
2026-03-21,Mẹ & Bé,3630,313,315233,0.66
2026-03-21,Sách & Văn phòng phẩm,2316,220,863485,0.56
2026-03-21,Thể thao & Du lịch,2342,129,810814,0.7
2026-03-21,Thời trang Nam,937,110,856619,0.61
2026-03-21,Thời trang Nữ,3874,217,918749,0.97
2026-03-21,Âm thanh & Phụ kiện,861,52,1943917,0.38
2026-03-21,Điện thoại & Tablet,1067,88,18123544,0.31
2026-03-21,Đồ gia dụng,2778,313,787026,0.51
2026-03-22,Laptop & Máy tính,3482,273,8442405,0.88
2026-03-22,Làm đẹp & Sức khỏe,3266,158,556543,0.6
2026-03-22,Mẹ & Bé,1123,64,947258,0.48
2026-03-22,Sách & Văn phòng phẩm,1014,62,894593,0.49
2026-03-22,Thể thao & Du lịch,2888,294,841510,0.64
2026-03-22,Thời trang Nam,3162,205,474922,0.43
2026-03-22,Thời trang Nữ,1934,247,580924,0.77
2026-03-22,Âm thanh & Phụ kiện,3556,278,1243054,0.74
2026-03-22,Điện thoại & Tablet,3027,205,8549550,0.53
2026-03-22,Đồ gia dụng,2224,214,990261,0.77
2026-03-23,Laptop & Máy tính,2424,257,14897691,0.66
2026-03-23,Làm đẹp & Sức khỏe,644,41,436035,0.73
2026-03-23,Mẹ & Bé,1802,132,547699,0.69
2026-03-23,Sách & Văn phòng phẩm,1408,80,819454,0.82
2026-03-23,Thể thao & Du lịch,538,74,515327,0.41
2026-03-23,Thời trang Nam,524,26,734017,0.79
2026-03-23,Thời trang Nữ,994,106,797316,0.64
2026-03-23,Âm thanh & Phụ kiện,540,28,2307138,0.69
2026-03-23,Điện thoại & Tablet,1919,271,10795873,0.52
2026-03-23,Đồ gia dụng,1991,180,664239,0.93
2026-03-24,Laptop & Máy tính,2975,254,11376958,0.51
2026-03-24,Làm đẹp & Sức khỏe,1183,133,868450,0.94
2026-03-24,Mẹ & Bé,1229,122,352080,0.31
2026-03-24,Sách & Văn phòng phẩm,2344,310,921189,0.75
2026-03-24,Thể thao & Du lịch,1534,111,706127,0.57
2026-03-24,Thời trang Nam,858,52,684889,0.92
2026-03-24,Thời trang Nữ,1819,261,463932,0.49
2026-03-24,Âm thanh & Phụ kiện,542,52,2151444,0.53
2026-03-24,Điện thoại & Tablet,2979,425,19548487,0.34
2026-03-24,Đồ gia dụng,2344,239,796425,0.39
2026-03-25,Laptop & Máy tính,1159,171,14191795,0.99
2026-03-25,Làm đẹp & Sức khỏe,845,57,609081,0.91
2026-03-25,Mẹ & Bé,2769,378,314384,0.68
2026-03-25,Sách & Văn phòng phẩm,2799,255,397730,0.91
2026-03-25,Thể thao & Du lịch,980,54,601977,0.73
2026-03-25,Thời trang Nam,2660,396,402175,0.33
2026-03-25,Thời trang Nữ,703,52,554192,0.96
2026-03-25,Âm thanh & Phụ kiện,2994,255,1939768,0.73
2026-03-25,Điện thoại & Tablet,2802,265,16802295,0.64
2026-03-25,Đồ gia dụng,1044,89,532219,0.38
2026-03-26,Laptop & Máy tính,1099,109,9356868,0.45
2026-03-26,Làm đẹp & Sức khỏe,520,75,935413,0.56
2026-03-26,Mẹ & Bé,2905,185,546595,0.39
2026-03-26,Sách & Văn phòng phẩm,2232,166,351292,0.93
2026-03-26,Thể thao & Du lịch,1205,87,555312,0.51
2026-03-26,Thời trang Nam,740,73,555027,0.54
2026-03-26,Thời trang Nữ,2084,275,854576,0.82
2026-03-26,Âm thanh & Phụ kiện,2252,224,1477092,0.71
2026-03-26,Điện thoại & Tablet,2735,256,8601222,0.73
2026-03-26,Đồ gia dụng,582,49,791545,0.89
2026-03-27,Laptop & Máy tính,863,72,12420642,0.83
2026-03-27,Làm đẹp & Sức khỏe,547,79,869815,0.79
2026-03-27,Mẹ & Bé,2130,126,624770,0.95
2026-03-27,Sách & Văn phòng phẩm,518,47,694577,0.69
2026-03-27,Thể thao & Du lịch,2995,397,966408,0.97
2026-03-27,Thời trang Nam,911,64,735306,0.55
2026-03-27,Thời trang Nữ,620,87,578405,0.88
2026-03-27,Âm thanh & Phụ kiện,1755,144,2360680,0.61
2026-03-27,Điện thoại & Tablet,2378,208,19539087,0.42
2026-03-27,Đồ gia dụng,1285,79,652017,0.69
2026-03-28,Laptop & Máy tính,3226,361,15720930,0.54
2026-03-28,Làm đẹp & Sức khỏe,1817,98,621769,0.76
2026-03-28,Mẹ & Bé,1771,176,351767,0.83
2026-03-28,Sách & Văn phòng phẩm,3623,260,346612,0.46
2026-03-28,Thể thao & Du lịch,1864,108,778773,0.57
2026-03-28,Thời trang Nam,692,70,958006,0.62
2026-03-28,Thời trang Nữ,1794,152,751999,0.87
2026-03-28,Âm thanh & Phụ kiện,1782,163,1002933,0.64
2026-03-28,Điện thoại & Tablet,1300,74,15248219,0.96
2026-03-28,Đồ gia dụng,1253,151,969531,0.8
2026-03-29,Laptop & Máy tính,881,121,18762677,0.47
2026-03-29,Làm đẹp & Sức khỏe,2840,313,438974,0.56
2026-03-29,Mẹ & Bé,744,36,689983,0.55
2026-03-29,Sách & Văn phòng phẩm,1121,105,511987,0.44
2026-03-29,Thể thao & Du lịch,780,58,766698,0.69
2026-03-29,Thời trang Nam,1157,152,469572,0.37
2026-03-29,Thời trang Nữ,2702,254,959747,0.37
2026-03-29,Âm thanh & Phụ kiện,3737,225,2206856,0.51
2026-03-29,Điện thoại & Tablet,1335,69,18766478,0.98
2026-03-29,Đồ gia dụng,1974,217,981336,1.0
2026-03-30,Laptop & Máy tính,2069,242,11923064,0.49
2026-03-30,Làm đẹp & Sức khỏe,2580,353,474895,0.34
2026-03-30,Mẹ & Bé,1144,134,882791,0.56
2026-03-30,Sách & Văn phòng phẩm,722,76,801048,0.41
2026-03-30,Thể thao & Du lịch,1950,276,664676,0.79
2026-03-30,Thời trang Nam,2901,186,799160,0.95
2026-03-30,Thời trang Nữ,1447,110,605924,0.56
2026-03-30,Âm thanh & Phụ kiện,1027,78,1093092,0.47
2026-03-30,Điện thoại & Tablet,2013,153,12778232,0.6
2026-03-30,Đồ gia dụng,904,63,535330,0.4
2026-03-31,Laptop & Máy tính,1090,78,11535359,0.33
2026-03-31,Làm đẹp & Sức khỏe,2821,412,682670,0.56
2026-03-31,Mẹ & Bé,1913,249,671535,0.51
2026-03-31,Sách & Văn phòng phẩm,791,104,558052,0.81
2026-03-31,Thể thao & Du lịch,1480,210,373811,0.33
2026-03-31,Thời trang Nam,2671,334,734141,0.43
2026-03-31,Thời trang Nữ,2676,400,374874,0.69
2026-03-31,Âm thanh & Phụ kiện,2916,411,2031266,1.0
2026-03-31,Điện thoại & Tablet,2144,113,16181730,0.4
2026-03-31,Đồ gia dụng,1437,105,395856,0.57
2026-04-01,Laptop & Máy tính,2983,373,9880601,0.48
2026-04-01,Làm đẹp & Sức khỏe,2914,227,452670,0.64
2026-04-01,Mẹ & Bé,1554,124,329515,0.83
2026-04-01,Sách & Văn phòng phẩm,1596,192,624209,0.92
2026-04-01,Thể thao & Du lịch,2040,110,367102,0.38
2026-04-01,Thời trang Nam,2941,241,464226,0.68
2026-04-01,Thời trang Nữ,2189,275,601842,0.38
2026-04-01,Âm thanh & Phụ kiện,601,80,1114524,0.31
2026-04-01,Điện thoại & Tablet,1224,143,18414392,0.99
2026-04-01,Đồ gia dụng,1084,99,994071,0.98
2026-04-02,Laptop & Máy tính,1748,94,11063578,0.56
2026-04-02,Làm đẹp & Sức khỏe,512,44,671465,0.6
2026-04-02,Mẹ & Bé,1353,116,958862,0.81
2026-04-02,Sách & Văn phòng phẩm,617,49,395440,0.84
2026-04-02,Thể thao & Du lịch,1288,181,574376,0.58
2026-04-02,Thời trang Nam,810,62,743154,0.58
2026-04-02,Thời trang Nữ,689,93,422798,0.64
2026-04-02,Âm thanh & Phụ kiện,1336,178,1902376,0.34
2026-04-02,Điện thoại & Tablet,1703,178,17951676,0.52
2026-04-02,Đồ gia dụng,1772,255,649718,0.82
2026-04-03,Laptop & Máy tính,1890,113,18616080,0.84
2026-04-03,Làm đẹp & Sức khỏe,1112,145,866491,0.88
2026-04-03,Mẹ & Bé,2563,217,966631,0.66
2026-04-03,Sách & Văn phòng phẩm,780,64,960110,0.47
2026-04-03,Thể thao & Du lịch,2924,160,699792,0.38
2026-04-03,Thời trang Nam,833,113,464093,0.95
2026-04-03,Thời trang Nữ,1965,166,632028,0.37
2026-04-03,Âm thanh & Phụ kiện,904,54,2667945,0.64
2026-04-03,Điện thoại & Tablet,2187,167,10361656,0.89
2026-04-03,Đồ gia dụng,634,59,386021,0.65
2026-04-04,Laptop & Máy tính,2025,110,15988537,0.98
2026-04-04,Làm đẹp & Sức khỏe,3238,195,696468,0.36
2026-04-04,Mẹ & Bé,2368,285,793316,0.37
2026-04-04,Sách & Văn phòng phẩm,2453,201,581193,0.35
2026-04-04,Thể thao & Du lịch,2662,187,820412,0.48
2026-04-04,Thời trang Nam,2750,220,719553,0.58
2026-04-04,Thời trang Nữ,3357,331,430409,0.6
2026-04-04,Âm thanh & Phụ kiện,835,105,2532901,0.68
2026-04-04,Điện thoại & Tablet,679,93,15679879,0.61
2026-04-04,Đồ gia dụng,3279,350,388875,0.55
2026-04-05,Laptop & Máy tính,1992,169,11865631,0.78
2026-04-05,Làm đẹp & Sức khỏe,2834,259,428381,0.93
2026-04-05,Mẹ & Bé,3898,430,777408,0.33
2026-04-05,Sách & Văn phòng phẩm,2685,146,921991,0.9
2026-04-05,Thể thao & Du lịch,2449,324,430390,0.39
2026-04-05,Thời trang Nam,1977,124,302514,0.63
2026-04-05,Thời trang Nữ,1727,219,392577,0.54
2026-04-05,Âm thanh & Phụ kiện,748,68,1859953,0.79
2026-04-05,Điện thoại & Tablet,1751,123,18402199,0.59
2026-04-05,Đồ gia dụng,3138,194,658718,0.93
2026-04-06,Laptop & Máy tính,1457,144,9226473,0.83
2026-04-06,Làm đẹp & Sức khỏe,1425,127,520468,0.41
2026-04-06,Mẹ & Bé,2185,178,330931,0.77
2026-04-06,Sách & Văn phòng phẩm,2765,337,324866,0.54
2026-04-06,Thể thao & Du lịch,2971,393,480076,0.91
2026-04-06,Thời trang Nam,1216,67,868764,0.44
2026-04-06,Thời trang Nữ,1239,85,541070,0.57
2026-04-06,Âm thanh & Phụ kiện,2112,191,1886539,0.54
2026-04-06,Điện thoại & Tablet,2399,305,15842114,0.57
2026-04-06,Đồ gia dụng,927,86,591201,0.97
2026-04-07,Laptop & Máy tính,1630,127,19270767,0.74
2026-04-07,Làm đẹp & Sức khỏe,770,42,433511,0.58
2026-04-07,Mẹ & Bé,551,72,343866,0.51
2026-04-07,Sách & Văn phòng phẩm,2101,105,308332,0.62
2026-04-07,Thể thao & Du lịch,596,89,618147,0.69
2026-04-07,Thời trang Nam,1541,79,583968,0.33
2026-04-07,Thời trang Nữ,1153,158,715702,0.43
2026-04-07,Âm thanh & Phụ kiện,995,78,1678544,0.5
2026-04-07,Điện thoại & Tablet,2888,309,12172546,0.5
2026-04-07,Đồ gia dụng,1859,274,704370,0.88
2026-04-08,Laptop & Máy tính,1665,241,17280136,0.98
2026-04-08,Làm đẹp & Sức khỏe,802,48,753255,0.64
2026-04-08,Mẹ & Bé,1100,110,478316,0.89
2026-04-08,Sách & Văn phòng phẩm,781,54,922821,0.38
2026-04-08,Thể thao & Du lịch,1509,155,845188,0.62
2026-04-08,Thời trang Nam,525,66,881389,0.35
2026-04-08,Thời trang Nữ,1844,128,740126,0.73
2026-04-08,Âm thanh & Phụ kiện,760,96,1184078,0.73
2026-04-08,Điện thoại & Tablet,2372,282,15205101,0.73
2026-04-08,Đồ gia dụng,2789,233,858485,0.31
2026-04-09,Laptop & Máy tính,948,63,12190738,0.37
2026-04-09,Làm đẹp & Sức khỏe,1465,183,680764,0.38
2026-04-09,Mẹ & Bé,2887,287,830043,0.57
2026-04-09,Sách & Văn phòng phẩm,1169,62,685704,0.74
2026-04-09,Thể thao & Du lịch,2273,176,474423,0.82
2026-04-09,Thời trang Nam,1825,271,693628,0.65
2026-04-09,Thời trang Nữ,1947,250,546259,0.51
2026-04-09,Âm thanh & Phụ kiện,1957,200,1325036,0.53
2026-04-09,Điện thoại & Tablet,1309,140,15582997,0.63
2026-04-09,Đồ gia dụng,992,113,384696,0.61
2026-04-10,Laptop & Máy tính,1466,123,8323021,0.69
2026-04-10,Làm đẹp & Sức khỏe,2561,156,694589,0.6
2026-04-10,Mẹ & Bé,1908,156,323631,0.9
2026-04-10,Sách & Văn phòng phẩm,1439,107,652071,0.89
2026-04-10,Thể thao & Du lịch,2699,167,745991,0.73
2026-04-10,Thời trang Nam,745,66,417739,0.54
2026-04-10,Thời trang Nữ,2210,118,558655,1.0
2026-04-10,Âm thanh & Phụ kiện,1193,101,2902008,0.69
2026-04-10,Điện thoại & Tablet,551,31,18673727,0.96
2026-04-10,Đồ gia dụng,689,69,540054,0.43
2026-04-11,Laptop & Máy tính,851,46,9338127,0.71
2026-04-11,Làm đẹp & Sức khỏe,2991,379,925195,0.94
2026-04-11,Mẹ & Bé,1232,130,817771,0.51
2026-04-11,Sách & Văn phòng phẩm,1298,138,807463,0.36
2026-04-11,Thể thao & Du lịch,1924,199,534003,0.51
2026-04-11,Thời trang Nam,2627,133,865439,0.83
2026-04-11,Thời trang Nữ,2367,225,556805,1.0
2026-04-11,Âm thanh & Phụ kiện,1316,114,2545218,0.33
2026-04-11,Điện thoại & Tablet,1758,118,9807566,0.94
2026-04-11,Đồ gia dụng,3308,282,705174,0.64
2026-04-12,Laptop & Máy tính,3458,469,15708417,0.57
2026-04-12,Làm đẹp & Sức khỏe,2034,228,750136,0.92
2026-04-12,Mẹ & Bé,3534,432,929100,0.87
2026-04-12,Sách & Văn phòng phẩm,1809,200,590353,0.56
2026-04-12,Thể thao & Du lịch,1610,99,736184,0.32
2026-04-12,Thời trang Nam,1574,135,795937,0.85
2026-04-12,Thời trang Nữ,2870,213,581456,0.65
2026-04-12,Âm thanh & Phụ kiện,803,96,1081540,0.82
2026-04-12,Điện thoại & Tablet,3816,474,17414295,0.69
2026-04-12,Đồ gia dụng,3673,236,546433,0.97
2026-04-13,Laptop & Máy tính,1659,226,8442058,0.57
2026-04-13,Làm đẹp & Sức khỏe,2971,182,798752,0.33
2026-04-13,Mẹ & Bé,1331,147,470999,0.9
2026-04-13,Sách & Văn phòng phẩm,1611,160,541276,0.73
2026-04-13,Thể thao & Du lịch,852,101,832581,0.66
2026-04-13,Thời trang Nam,1679,168,708205,0.46
2026-04-13,Thời trang Nữ,1563,168,877104,0.7
2026-04-13,Âm thanh & Phụ kiện,2142,293,2684658,0.36
2026-04-13,Điện thoại & Tablet,1266,95,10884943,0.67
2026-04-13,Đồ gia dụng,2633,332,633432,0.41
2026-04-14,Laptop & Máy tính,2261,281,16095269,0.98
2026-04-14,Làm đẹp & Sức khỏe,1912,240,987469,0.45
2026-04-14,Mẹ & Bé,625,57,578626,0.52
2026-04-14,Sách & Văn phòng phẩm,1496,200,353101,0.5
2026-04-14,Thể thao & Du lịch,2675,207,621200,0.98
2026-04-14,Thời trang Nam,786,78,780737,0.6
2026-04-14,Thời trang Nữ,1174,174,383904,0.35
2026-04-14,Âm thanh & Phụ kiện,2898,277,1517747,0.87
2026-04-14,Điện thoại & Tablet,2490,194,11420369,0.4
2026-04-14,Đồ gia dụng,2607,294,398927,0.61
2026-04-15,Laptop & Máy tính,2418,196,16085544,0.91
2026-04-15,Làm đẹp & Sức khỏe,2252,175,738768,0.64
2026-04-15,Mẹ & Bé,2907,414,549083,0.84
2026-04-15,Sách & Văn phòng phẩm,1046,136,456595,0.5
2026-04-15,Thể thao & Du lịch,2332,330,637548,0.83
2026-04-15,Thời trang Nam,2155,164,665346,0.51
2026-04-15,Thời trang Nữ,1617,114,771147,0.59
2026-04-15,Âm thanh & Phụ kiện,1937,108,1322376,0.63
2026-04-15,Điện thoại & Tablet,1902,225,16371464,0.69
2026-04-15,Đồ gia dụng,2746,337,355236,0.43
2026-04-16,Laptop & Máy tính,2167,211,8034181,0.83
2026-04-16,Làm đẹp & Sức khỏe,1219,93,878552,0.32
2026-04-16,Mẹ & Bé,1310,168,380277,0.84
2026-04-16,Sách & Văn phòng phẩm,2275,290,678256,0.76
2026-04-16,Thể thao & Du lịch,2358,249,481447,0.78
2026-04-16,Thời trang Nam,2871,369,851799,0.7
2026-04-16,Thời trang Nữ,2666,233,450967,0.69
2026-04-16,Âm thanh & Phụ kiện,2379,119,2128827,0.92
2026-04-16,Điện thoại & Tablet,1714,135,16967321,0.64
2026-04-16,Đồ gia dụng,805,40,564956,0.65
2026-04-17,Laptop & Máy tính,1999,239,11658862,0.97
2026-04-17,Làm đẹp & Sức khỏe,622,50,920578,0.72
2026-04-17,Mẹ & Bé,1601,144,957130,0.63
2026-04-17,Sách & Văn phòng phẩm,1505,115,817131,0.39
2026-04-17,Thể thao & Du lịch,1587,102,861524,0.69
2026-04-17,Thời trang Nam,2024,242,706305,0.89
2026-04-17,Thời trang Nữ,1386,92,608590,0.6
2026-04-17,Âm thanh & Phụ kiện,1176,88,1027960,0.8
2026-04-17,Điện thoại & Tablet,1317,174,11189700,0.95
2026-04-17,Đồ gia dụng,516,39,915326,0.98
2026-04-18,Laptop & Máy tính,1977,108,16629319,0.89
2026-04-18,Làm đẹp & Sức khỏe,1977,200,345218,0.33
2026-04-18,Mẹ & Bé,2043,249,954358,0.49
2026-04-18,Sách & Văn phòng phẩm,3238,427,324714,0.67
2026-04-18,Thể thao & Du lịch,2758,151,481944,0.55
2026-04-18,Thời trang Nam,1894,189,432593,0.77
2026-04-18,Thời trang Nữ,1219,156,575990,0.43
2026-04-18,Âm thanh & Phụ kiện,1891,109,1916891,0.39
2026-04-18,Điện thoại & Tablet,3203,340,17679082,0.48
2026-04-18,Đồ gia dụng,3407,320,544464,0.69
2026-04-19,Laptop & Máy tính,3727,420,11584107,0.32
2026-04-19,Làm đẹp & Sức khỏe,1536,144,977759,1.0
2026-04-19,Mẹ & Bé,2619,262,910408,0.38
2026-04-19,Sách & Văn phòng phẩm,3387,363,579483,0.6
2026-04-19,Thể thao & Du lịch,2771,331,962970,0.92
2026-04-19,Thời trang Nam,3075,219,573256,0.6
2026-04-19,Thời trang Nữ,871,76,858364,0.66
2026-04-19,Âm thanh & Phụ kiện,2319,256,2691591,0.36
2026-04-19,Điện thoại & Tablet,2597,298,10782995,0.57
2026-04-19,Đồ gia dụng,3825,386,731163,0.95
2026-04-20,Laptop & Máy tính,2345,190,11404792,0.91
2026-04-20,Làm đẹp & Sức khỏe,1648,185,462293,0.71
2026-04-20,Mẹ & Bé,2676,395,605801,0.63
2026-04-20,Sách & Văn phòng phẩm,1347,116,598191,0.96
2026-04-20,Thể thao & Du lịch,1383,141,736429,0.78
2026-04-20,Thời trang Nam,1803,261,861324,0.53
2026-04-20,Thời trang Nữ,2214,252,528525,0.37
2026-04-20,Âm thanh & Phụ kiện,708,43,2584692,0.34
2026-04-20,Điện thoại & Tablet,801,73,11510621,0.5
2026-04-20,Đồ gia dụng,951,77,586463,0.69
2026-04-21,Laptop & Máy tính,1250,104,8049347,0.81
2026-04-21,Làm đẹp & Sức khỏe,2850,334,699084,0.77
2026-04-21,Mẹ & Bé,2388,296,938661,0.97
2026-04-21,Sách & Văn phòng phẩm,1437,129,850371,0.83
2026-04-21,Thể thao & Du lịch,655,80,853936,0.97
2026-04-21,Thời trang Nam,2950,367,464972,0.7
2026-04-21,Thời trang Nữ,1409,175,973211,0.73
2026-04-21,Âm thanh & Phụ kiện,1987,124,2521264,0.31
2026-04-21,Điện thoại & Tablet,1714,217,14368863,0.73
2026-04-21,Đồ gia dụng,2575,171,944933,0.35
2026-04-22,Laptop & Máy tính,1948,287,14544268,0.34
2026-04-22,Làm đẹp & Sức khỏe,2961,249,672751,0.99
2026-04-22,Mẹ & Bé,2747,268,370518,0.34
2026-04-22,Sách & Văn phòng phẩm,500,34,379138,0.68
2026-04-22,Thể thao & Du lịch,2781,323,662342,0.72
2026-04-22,Thời trang Nam,959,104,668389,0.35
2026-04-22,Thời trang Nữ,2632,363,808288,0.65
2026-04-22,Âm thanh & Phụ kiện,1810,150,2686621,0.51
2026-04-22,Điện thoại & Tablet,2221,315,12631643,0.86
2026-04-22,Đồ gia dụng,1656,108,460145,0.81
2026-04-23,Laptop & Máy tính,1834,131,11892233,0.52
2026-04-23,Làm đẹp & Sức khỏe,806,49,806312,0.58
2026-04-23,Mẹ & Bé,2709,138,855289,0.61
2026-04-23,Sách & Văn phòng phẩm,2675,165,687115,0.66
2026-04-23,Thể thao & Du lịch,2760,217,396757,0.94
2026-04-23,Thời trang Nam,1097,153,705413,0.35
2026-04-23,Thời trang Nữ,2010,137,501229,0.79
2026-04-23,Âm thanh & Phụ kiện,2656,269,2290466,0.73
2026-04-23,Điện thoại & Tablet,574,85,9970125,0.85
2026-04-23,Đồ gia dụng,1047,89,488902,0.38
2026-04-24,Laptop & Máy tính,2996,174,14462533,0.58
2026-04-24,Làm đẹp & Sức khỏe,1174,147,929587,0.79
2026-04-24,Mẹ & Bé,1057,115,420575,0.5
2026-04-24,Sách & Văn phòng phẩm,907,93,426966,0.96
2026-04-24,Thể thao & Du lịch,2016,163,744171,0.34
2026-04-24,Thời trang Nam,936,70,651091,0.44
2026-04-24,Thời trang Nữ,1828,253,647023,0.46
2026-04-24,Âm thanh & Phụ kiện,758,61,2467687,0.66
2026-04-24,Điện thoại & Tablet,2289,211,12724189,0.79
2026-04-24,Đồ gia dụng,1413,149,932352,0.85
2026-04-25,Laptop & Máy tính,2557,147,8070741,0.45
2026-04-25,Làm đẹp & Sức khỏe,832,74,438018,0.34
2026-04-25,Mẹ & Bé,1513,156,845773,0.37
2026-04-25,Sách & Văn phòng phẩm,1342,86,527285,0.41
2026-04-25,Thể thao & Du lịch,3893,422,438366,0.57
2026-04-25,Thời trang Nam,1488,187,316481,0.72
2026-04-25,Thời trang Nữ,1970,183,550170,0.37
2026-04-25,Âm thanh & Phụ kiện,2583,146,1637184,1.0
2026-04-25,Điện thoại & Tablet,3022,261,8922234,0.53
2026-04-25,Đồ gia dụng,895,56,357860,0.32
2026-04-26,Laptop & Máy tính,3251,166,12668918,0.98
2026-04-26,Làm đẹp & Sức khỏe,3775,496,363809,0.31
2026-04-26,Mẹ & Bé,3900,325,490361,0.8
2026-04-26,Sách & Văn phòng phẩm,2670,349,564712,0.56
2026-04-26,Thể thao & Du lịch,1609,177,684743,0.85
2026-04-26,Thời trang Nam,1566,106,568526,0.67
2026-04-26,Thời trang Nữ,1396,72,506405,0.33
2026-04-26,Âm thanh & Phụ kiện,2713,298,1277568,0.45
2026-04-26,Điện thoại & Tablet,2148,264,18962851,0.88
2026-04-26,Đồ gia dụng,2691,217,585857,0.71
2026-04-27,Laptop & Máy tính,504,30,14693717,0.43
2026-04-27,Làm đẹp & Sức khỏe,2947,311,384858,0.55
2026-04-27,Mẹ & Bé,1497,166,705441,0.55
2026-04-27,Sách & Văn phòng phẩm,2423,199,486063,0.51
2026-04-27,Thể thao & Du lịch,2370,316,688396,0.96
2026-04-27,Thời trang Nam,2223,327,382276,0.98
2026-04-27,Thời trang Nữ,2899,352,442992,0.81
2026-04-27,Âm thanh & Phụ kiện,2653,364,2159211,0.87
2026-04-27,Điện thoại & Tablet,1391,130,12942192,0.67
2026-04-27,Đồ gia dụng,1864,151,738978,0.87
2026-04-28,Laptop & Máy tính,2626,304,19153147,0.86
2026-04-28,Làm đẹp & Sức khỏe,2949,285,872839,0.51
2026-04-28,Mẹ & Bé,1381,174,943132,0.49
2026-04-28,Sách & Văn phòng phẩm,1323,186,993122,0.7
2026-04-28,Thể thao & Du lịch,2341,194,837747,0.86
2026-04-28,Thời trang Nam,2537,201,530722,0.52
2026-04-28,Thời trang Nữ,715,73,401194,0.74
2026-04-28,Âm thanh & Phụ kiện,715,66,2761005,0.77
2026-04-28,Điện thoại & Tablet,1379,80,17066839,0.3
2026-04-28,Đồ gia dụng,1691,200,786453,0.52
2026-04-29,Laptop & Máy tính,1873,166,14091532,0.6
2026-04-29,Làm đẹp & Sức khỏe,2563,315,729333,0.31
2026-04-29,Mẹ & Bé,2231,118,881073,0.33
2026-04-29,Sách & Văn phòng phẩm,2442,353,856256,0.65
2026-04-29,Thể thao & Du lịch,1441,214,323568,0.7
2026-04-29,Thời trang Nam,1018,89,523247,0.33
2026-04-29,Thời trang Nữ,920,56,326863,0.93
2026-04-29,Âm thanh & Phụ kiện,2831,258,2366827,0.55
2026-04-29,Điện thoại & Tablet,1540,172,8057449,0.31
2026-04-29,Đồ gia dụng,2531,257,752494,0.74
2026-04-30,Laptop & Máy tính,2057,203,14726953,0.68
2026-04-30,Làm đẹp & Sức khỏe,705,71,483205,0.57
2026-04-30,Mẹ & Bé,2191,215,720625,0.99
2026-04-30,Sách & Văn phòng phẩm,2990,280,570575,0.46
2026-04-30,Thể thao & Du lịch,1974,220,529853,0.61
2026-04-30,Thời trang Nam,1669,117,427279,0.62
2026-04-30,Thời trang Nữ,1894,111,567367,0.32
2026-04-30,Âm thanh & Phụ kiện,2148,286,1187894,0.62
2026-04-30,Điện thoại & Tablet,1596,114,15432761,0.96
2026-04-30,Đồ gia dụng,1744,128,521771,0.87
2026-05-01,Laptop & Máy tính,1234,96,19714702,0.48
2026-05-01,Làm đẹp & Sức khỏe,788,90,300426,0.65
2026-05-01,Mẹ & Bé,1370,154,726192,0.57
2026-05-01,Sách & Văn phòng phẩm,1097,60,778283,0.68
2026-05-01,Thể thao & Du lịch,2192,178,645880,0.33
2026-05-01,Thời trang Nam,2963,356,391852,0.98
2026-05-01,Thời trang Nữ,2493,137,512404,0.55
2026-05-01,Âm thanh & Phụ kiện,2562,175,2607661,0.48
2026-05-01,Điện thoại & Tablet,1696,219,8070957,0.38
2026-05-01,Đồ gia dụng,2150,263,651912,0.61
2026-05-02,Laptop & Máy tính,911,75,10011512,0.43
2026-05-02,Làm đẹp & Sức khỏe,741,36,834629,0.35
2026-05-02,Mẹ & Bé,3675,501,824844,0.75
2026-05-02,Sách & Văn phòng phẩm,2633,361,871415,0.82
2026-05-02,Thể thao & Du lịch,1662,201,869944,0.62
2026-05-02,Thời trang Nam,978,67,712261,0.92
2026-05-02,Thời trang Nữ,3329,343,993367,0.87
2026-05-02,Âm thanh & Phụ kiện,3185,276,2584931,0.56
2026-05-02,Điện thoại & Tablet,2817,279,8556673,0.99
2026-05-02,Đồ gia dụng,3224,277,525219,0.99
2026-05-03,Laptop & Máy tính,1253,144,15712001,0.44
2026-05-03,Làm đẹp & Sức khỏe,3471,310,606343,0.77
2026-05-03,Mẹ & Bé,3287,433,907814,0.43
2026-05-03,Sách & Văn phòng phẩm,3363,439,401725,0.71
2026-05-03,Thể thao & Du lịch,1978,138,991182,1.0
2026-05-03,Thời trang Nam,1437,73,624277,0.49
2026-05-03,Thời trang Nữ,1887,128,515736,0.65
2026-05-03,Âm thanh & Phụ kiện,1690,175,1450983,0.35
2026-05-03,Điện thoại & Tablet,761,50,14440663,0.74
2026-05-03,Đồ gia dụng,2683,255,523039,0.76
2026-05-04,Laptop & Máy tính,2945,384,15324541,0.38
2026-05-04,Làm đẹp & Sức khỏe,1063,95,344128,0.3
2026-05-04,Mẹ & Bé,1731,123,510378,0.39
2026-05-04,Sách & Văn phòng phẩm,1317,172,489682,0.75
2026-05-04,Thể thao & Du lịch,2722,346,503363,0.54
2026-05-04,Thời trang Nam,1420,206,680508,0.47
2026-05-04,Thời trang Nữ,2042,114,305173,0.95
2026-05-04,Âm thanh & Phụ kiện,2307,314,1293444,0.9
2026-05-04,Điện thoại & Tablet,2806,394,17344691,0.74
2026-05-04,Đồ gia dụng,2196,321,770066,0.92
2026-05-05,Laptop & Máy tính,2223,196,15240605,0.99
2026-05-05,Làm đẹp & Sức khỏe,864,102,332336,0.94
2026-05-05,Mẹ & Bé,710,43,953882,0.45
2026-05-05,Sách & Văn phòng phẩm,2993,331,655728,0.31
2026-05-05,Thể thao & Du lịch,1256,148,986442,0.53
2026-05-05,Thời trang Nam,2420,302,964695,0.31
2026-05-05,Thời trang Nữ,1883,141,952563,0.37
2026-05-05,Âm thanh & Phụ kiện,2344,303,2812518,0.53
2026-05-05,Điện thoại & Tablet,2350,229,14590143,0.92
2026-05-05,Đồ gia dụng,2346,229,526839,0.57
2026-05-06,Laptop & Máy tính,661,64,10713790,0.75
2026-05-06,Làm đẹp & Sức khỏe,1015,96,679659,0.36
2026-05-06,Mẹ & Bé,2771,194,982906,0.89
2026-05-06,Sách & Văn phòng phẩm,980,78,485172,0.51
2026-05-06,Thể thao & Du lịch,1816,259,941309,0.79
2026-05-06,Thời trang Nam,1761,114,601536,0.65
2026-05-06,Thời trang Nữ,1571,156,747818,0.67
2026-05-06,Âm thanh & Phụ kiện,2370,183,1958509,0.85
2026-05-06,Điện thoại & Tablet,1195,107,12865992,0.91
2026-05-06,Đồ gia dụng,1812,171,904203,0.54
2026-05-07,Laptop & Máy tính,1601,110,11326612,0.81
2026-05-07,Làm đẹp & Sức khỏe,1649,228,640899,0.62
2026-05-07,Mẹ & Bé,839,124,962770,0.4
2026-05-07,Sách & Văn phòng phẩm,944,110,856907,0.83
2026-05-07,Thể thao & Du lịch,2316,207,543873,0.54
2026-05-07,Thời trang Nam,1562,121,784004,0.37
2026-05-07,Thời trang Nữ,1569,214,618690,0.56
2026-05-07,Âm thanh & Phụ kiện,893,101,2160528,0.92
2026-05-07,Điện thoại & Tablet,1468,149,12669794,0.53
2026-05-07,Đồ gia dụng,2781,208,502562,0.78
2026-05-08,Laptop & Máy tính,1084,78,19484059,0.46
2026-05-08,Làm đẹp & Sức khỏe,1751,108,398395,0.87
2026-05-08,Mẹ & Bé,3000,208,913017,0.51
2026-05-08,Sách & Văn phòng phẩm,720,86,947454,0.9
2026-05-08,Thể thao & Du lịch,1452,155,314987,0.73
2026-05-08,Thời trang Nam,1745,242,343248,0.33
2026-05-08,Thời trang Nữ,2438,166,998583,0.68
2026-05-08,Âm thanh & Phụ kiện,2628,142,2468365,0.34
2026-05-08,Điện thoại & Tablet,2365,206,16304507,0.81
2026-05-08,Đồ gia dụng,2304,149,983960,0.77
2026-05-09,Laptop & Máy tính,2774,133,13209828,0.99
2026-05-09,Làm đẹp & Sức khỏe,1251,153,859172,0.98
2026-05-09,Mẹ & Bé,1297,78,859858,0.78
2026-05-09,Sách & Văn phòng phẩm,2017,128,470835,0.64
2026-05-09,Thể thao & Du lịch,1196,69,348809,0.95
2026-05-09,Thời trang Nam,986,73,726069,0.76
2026-05-09,Thời trang Nữ,2202,216,929440,0.47
2026-05-09,Âm thanh & Phụ kiện,1235,114,1300591,0.65
2026-05-09,Điện thoại & Tablet,863,108,10300878,0.91
2026-05-09,Đồ gia dụng,913,98,505665,0.51
2026-05-10,Laptop & Máy tính,819,64,13959485,0.53
2026-05-10,Làm đẹp & Sức khỏe,932,60,377004,0.69
2026-05-10,Mẹ & Bé,2334,232,994161,0.79
2026-05-10,Sách & Văn phòng phẩm,2809,326,373667,0.74
2026-05-10,Thể thao & Du lịch,2217,304,518026,0.47
2026-05-10,Thời trang Nam,2418,321,401057,0.66
2026-05-10,Thời trang Nữ,930,106,511086,0.46
2026-05-10,Âm thanh & Phụ kiện,952,68,2702644,0.57
2026-05-10,Điện thoại & Tablet,923,105,16797635,0.56
2026-05-10,Đồ gia dụng,1887,224,420156,0.47
2026-05-11,Laptop & Máy tính,1702,200,14023233,0.34
2026-05-11,Làm đẹp & Sức khỏe,1500,199,637866,0.59
2026-05-11,Mẹ & Bé,1001,100,549779,0.94
2026-05-11,Sách & Văn phòng phẩm,1185,142,829837,0.44
2026-05-11,Thể thao & Du lịch,2984,361,758061,0.43
2026-05-11,Thời trang Nam,1551,206,416314,0.47
2026-05-11,Thời trang Nữ,1087,137,795196,0.83
2026-05-11,Âm thanh & Phụ kiện,2107,283,2665017,0.69
2026-05-11,Điện thoại & Tablet,1762,254,15831283,0.67
2026-05-11,Đồ gia dụng,1456,201,521123,0.64
2026-05-12,Laptop & Máy tính,1179,147,8146378,0.37
2026-05-12,Làm đẹp & Sức khỏe,1847,260,845050,0.41
2026-05-12,Mẹ & Bé,2881,161,517432,0.36
2026-05-12,Sách & Văn phòng phẩm,2334,266,409058,0.85
2026-05-12,Thể thao & Du lịch,1285,98,449614,0.79
2026-05-12,Thời trang Nam,1348,147,674332,0.98
2026-05-12,Thời trang Nữ,1302,146,365098,0.55
2026-05-12,Âm thanh & Phụ kiện,1788,250,1031170,0.97
2026-05-12,Điện thoại & Tablet,2292,184,9316167,0.61
2026-05-12,Đồ gia dụng,2312,121,334825,0.32
2026-05-13,Laptop & Máy tính,1751,120,12197841,0.4
2026-05-13,Làm đẹp & Sức khỏe,2710,222,711554,0.91
2026-05-13,Mẹ & Bé,2425,161,581857,0.36
2026-05-13,Sách & Văn phòng phẩm,1120,148,718283,0.87
2026-05-13,Thể thao & Du lịch,2330,270,657529,0.83
2026-05-13,Thời trang Nam,2123,298,785533,0.59
2026-05-13,Thời trang Nữ,1927,263,814945,0.46
2026-05-13,Âm thanh & Phụ kiện,2472,319,1666618,0.99
2026-05-13,Điện thoại & Tablet,1837,122,15069575,0.84
2026-05-13,Đồ gia dụng,2860,405,453876,0.92
2026-05-14,Laptop & Máy tính,2397,225,9737913,0.39
2026-05-14,Làm đẹp & Sức khỏe,1357,77,597241,0.36
2026-05-14,Mẹ & Bé,1604,233,488159,0.5
2026-05-14,Sách & Văn phòng phẩm,1937,153,418346,0.63
2026-05-14,Thể thao & Du lịch,984,125,630615,0.45
2026-05-14,Thời trang Nam,668,93,696625,0.61
2026-05-14,Thời trang Nữ,2430,329,990219,1.0
2026-05-14,Âm thanh & Phụ kiện,722,61,1678075,0.78
2026-05-14,Điện thoại & Tablet,1265,103,19256583,0.95
2026-05-14,Đồ gia dụng,1286,96,658446,0.53
2026-05-15,Laptop & Máy tính,1372,97,8293878,0.86
2026-05-15,Làm đẹp & Sức khỏe,1199,77,416851,0.34
2026-05-15,Mẹ & Bé,2453,136,779743,0.66
2026-05-15,Sách & Văn phòng phẩm,1844,243,937939,0.47
2026-05-15,Thể thao & Du lịch,1614,240,363951,0.46
2026-05-15,Thời trang Nam,1343,72,670284,0.38
2026-05-15,Thời trang Nữ,552,38,817610,0.46
2026-05-15,Âm thanh & Phụ kiện,2006,190,2412237,0.99
2026-05-15,Điện thoại & Tablet,506,42,16788804,0.64
2026-05-15,Đồ gia dụng,526,64,302351,0.42
2026-05-16,Laptop & Máy tính,2008,272,10803198,0.89
2026-05-16,Làm đẹp & Sức khỏe,3871,432,707391,0.3
2026-05-16,Mẹ & Bé,3452,411,434843,0.38
2026-05-16,Sách & Văn phòng phẩm,2986,343,874971,0.7
2026-05-16,Thể thao & Du lịch,2780,237,911280,0.61
2026-05-16,Thời trang Nam,2574,307,998811,0.82
2026-05-16,Thời trang Nữ,3387,279,698756,0.78
2026-05-16,Âm thanh & Phụ kiện,2568,205,1210863,0.72
2026-05-16,Điện thoại & Tablet,1595,105,19695717,0.88
2026-05-16,Đồ gia dụng,2737,140,981458,0.82
2026-05-17,Laptop & Máy tính,3625,184,12259579,0.6
2026-05-17,Làm đẹp & Sức khỏe,1835,150,344035,0.98
2026-05-17,Mẹ & Bé,711,87,590208,0.33
2026-05-17,Sách & Văn phòng phẩm,1743,174,589294,0.6
2026-05-17,Thể thao & Du lịch,3329,260,338605,0.5
2026-05-17,Thời trang Nam,3712,451,924651,0.89
2026-05-17,Thời trang Nữ,2314,256,541772,0.79
2026-05-17,Âm thanh & Phụ kiện,3201,316,2933221,0.8
2026-05-17,Điện thoại & Tablet,3558,345,18229962,0.74
2026-05-17,Đồ gia dụng,3690,465,539429,0.99
2026-05-18,Laptop & Máy tính,2753,336,19358205,0.77
2026-05-18,Làm đẹp & Sức khỏe,1457,85,869859,0.99
2026-05-18,Mẹ & Bé,1286,179,900279,0.35
2026-05-18,Sách & Văn phòng phẩm,2739,229,359107,0.59
2026-05-18,Thể thao & Du lịch,1989,136,726093,0.7
2026-05-18,Thời trang Nam,2247,122,566762,0.91
2026-05-18,Thời trang Nữ,1635,149,646698,0.57
2026-05-18,Âm thanh & Phụ kiện,966,69,2366668,0.32
2026-05-18,Điện thoại & Tablet,1002,113,19255844,0.61
2026-05-18,Đồ gia dụng,2207,278,540069,0.47
2026-05-19,Laptop & Máy tính,2649,163,18865804,0.74
2026-05-19,Làm đẹp & Sức khỏe,1473,138,873395,0.8
2026-05-19,Mẹ & Bé,1174,139,322436,0.99
2026-05-19,Sách & Văn phòng phẩm,2609,238,456032,0.69
2026-05-19,Thể thao & Du lịch,525,30,650436,0.55
2026-05-19,Thời trang Nam,1926,170,390149,0.95
2026-05-19,Thời trang Nữ,2072,204,766592,0.78
2026-05-19,Âm thanh & Phụ kiện,1971,249,2672612,0.6
2026-05-19,Điện thoại & Tablet,618,75,10552454,0.33
2026-05-19,Đồ gia dụng,1965,232,304598,0.84
2026-05-20,Laptop & Máy tính,1252,148,11427158,0.55
2026-05-20,Làm đẹp & Sức khỏe,1199,111,800462,0.59
2026-05-20,Mẹ & Bé,1459,110,568936,0.63
2026-05-20,Sách & Văn phòng phẩm,2112,293,917990,0.95
2026-05-20,Thể thao & Du lịch,2787,156,336954,0.92
2026-05-20,Thời trang Nam,596,79,474597,0.95
2026-05-20,Thời trang Nữ,1604,131,714304,0.62
2026-05-20,Âm thanh & Phụ kiện,1761,194,2668447,0.33
2026-05-20,Điện thoại & Tablet,2861,186,14639580,0.9
2026-05-20,Đồ gia dụng,865,117,498801,0.49
2026-05-21,Laptop & Máy tính,1900,232,15678428,0.99
2026-05-21,Làm đẹp & Sức khỏe,2805,381,468710,0.42
2026-05-21,Mẹ & Bé,2765,280,660894,0.73
2026-05-21,Sách & Văn phòng phẩm,1608,230,442810,0.75
2026-05-21,Thể thao & Du lịch,2857,281,332487,0.57
2026-05-21,Thời trang Nam,2891,227,910170,0.86
2026-05-21,Thời trang Nữ,2246,281,374528,0.98
2026-05-21,Âm thanh & Phụ kiện,2469,286,2523170,0.94
2026-05-21,Điện thoại & Tablet,1508,140,17868142,0.73
2026-05-21,Đồ gia dụng,2118,241,508736,0.97
2026-05-22,Laptop & Máy tính,2062,191,13747674,0.58
2026-05-22,Làm đẹp & Sức khỏe,1759,238,530090,0.83
2026-05-22,Mẹ & Bé,840,122,582386,0.97
2026-05-22,Sách & Văn phòng phẩm,986,88,994450,0.86
2026-05-22,Thể thao & Du lịch,2294,170,632525,0.64
2026-05-22,Thời trang Nam,1438,95,656490,0.81
2026-05-22,Thời trang Nữ,1353,173,589450,0.65
2026-05-22,Âm thanh & Phụ kiện,2179,129,1044439,0.76
2026-05-22,Điện thoại & Tablet,583,78,9686139,0.54
2026-05-22,Đồ gia dụng,514,40,869122,0.34
2026-05-23,Laptop & Máy tính,3513,176,15404097,0.37
2026-05-23,Làm đẹp & Sức khỏe,3198,387,967874,0.87
2026-05-23,Mẹ & Bé,733,69,604743,0.89
2026-05-23,Sách & Văn phòng phẩm,1716,162,493032,0.77
2026-05-23,Thể thao & Du lịch,1332,108,626863,0.5
2026-05-23,Thời trang Nam,1855,156,730755,0.67
2026-05-23,Thời trang Nữ,2258,304,587832,0.47
2026-05-23,Âm thanh & Phụ kiện,3416,466,2817293,0.54
2026-05-23,Điện thoại & Tablet,1288,67,10352218,0.48
2026-05-23,Đồ gia dụng,3889,510,379534,0.4
2026-05-24,Laptop & Máy tính,2704,145,12374831,0.62
2026-05-24,Làm đẹp & Sức khỏe,894,46,361251,0.74
2026-05-24,Mẹ & Bé,1959,94,429716,0.38
2026-05-24,Sách & Văn phòng phẩm,1038,64,466659,0.76
2026-05-24,Thể thao & Du lịch,3490,454,424709,0.89
2026-05-24,Thời trang Nam,3502,343,485968,0.38
2026-05-24,Thời trang Nữ,2165,195,607054,0.63
2026-05-24,Âm thanh & Phụ kiện,2613,188,1127487,0.89
2026-05-24,Điện thoại & Tablet,3837,490,13471334,0.81
2026-05-24,Đồ gia dụng,2878,316,931426,0.94
2026-05-25,Laptop & Máy tính,1829,175,8720093,0.32
2026-05-25,Làm đẹp & Sức khỏe,1573,119,932988,0.3
2026-05-25,Mẹ & Bé,2238,126,304017,0.78
2026-05-25,Sách & Văn phòng phẩm,1876,266,582378,0.46
2026-05-25,Thể thao & Du lịch,2377,326,622104,0.99
2026-05-25,Thời trang Nam,2209,259,733813,0.64
2026-05-25,Thời trang Nữ,2737,333,589665,0.36
2026-05-25,Âm thanh & Phụ kiện,1451,204,2082211,0.34
2026-05-25,Điện thoại & Tablet,2017,301,12959996,0.56
2026-05-25,Đồ gia dụng,1273,188,377662,0.67
2026-05-26,Laptop & Máy tính,2642,275,8936433,0.92
2026-05-26,Làm đẹp & Sức khỏe,1156,150,608607,0.48
2026-05-26,Mẹ & Bé,573,48,647018,0.75
2026-05-26,Sách & Văn phòng phẩm,636,94,563978,0.86
2026-05-26,Thể thao & Du lịch,1320,125,749736,0.98
2026-05-26,Thời trang Nam,2850,320,608964,0.38
2026-05-26,Thời trang Nữ,853,99,907693,0.95
2026-05-26,Âm thanh & Phụ kiện,2034,205,2123138,0.53
2026-05-26,Điện thoại & Tablet,1731,131,8283017,0.37
2026-05-26,Đồ gia dụng,2217,139,557197,0.71
2026-05-27,Laptop & Máy tính,2875,392,10216457,0.83
2026-05-27,Làm đẹp & Sức khỏe,965,77,304941,0.38
2026-05-27,Mẹ & Bé,2244,316,308054,0.75
2026-05-27,Sách & Văn phòng phẩm,2736,288,757092,0.55
2026-05-27,Thể thao & Du lịch,2067,262,852516,0.98
2026-05-27,Thời trang Nam,961,119,685875,0.87
2026-05-27,Thời trang Nữ,1379,72,889594,0.31
2026-05-27,Âm thanh & Phụ kiện,984,121,2549167,0.87
2026-05-27,Điện thoại & Tablet,2277,175,11650938,0.73
2026-05-27,Đồ gia dụng,800,51,951035,0.71
2026-05-28,Laptop & Máy tính,920,84,15624314,0.71
2026-05-28,Làm đẹp & Sức khỏe,2230,326,328790,0.38
2026-05-28,Mẹ & Bé,1603,184,561806,0.8
2026-05-28,Sách & Văn phòng phẩm,1699,124,488932,0.31
2026-05-28,Thể thao & Du lịch,2011,125,990805,0.57
2026-05-28,Thời trang Nam,2331,281,888544,0.6
2026-05-28,Thời trang Nữ,1302,152,370508,0.4
2026-05-28,Âm thanh & Phụ kiện,2814,362,1498348,0.76
2026-05-28,Điện thoại & Tablet,2814,259,11470735,0.78
2026-05-28,Đồ gia dụng,588,75,833791,0.84
2026-05-29,Laptop & Máy tính,865,68,15093489,0.62
2026-05-29,Làm đẹp & Sức khỏe,1308,118,692516,0.42
2026-05-29,Mẹ & Bé,1091,92,887018,0.36
2026-05-29,Sách & Văn phòng phẩm,559,77,358310,0.59
2026-05-29,Thể thao & Du lịch,1048,127,538958,0.91
2026-05-29,Thời trang Nam,1314,77,732808,0.68
2026-05-29,Thời trang Nữ,1061,106,826550,0.35
2026-05-29,Âm thanh & Phụ kiện,1835,224,1677501,1.0
2026-05-29,Điện thoại & Tablet,2983,446,10701985,0.51
2026-05-29,Đồ gia dụng,1201,123,753835,0.5
2026-05-30,Laptop & Máy tính,1008,48,11080181,0.32
2026-05-30,Làm đẹp & Sức khỏe,726,84,329131,0.71
2026-05-30,Mẹ & Bé,1054,134,438621,0.97
2026-05-30,Sách & Văn phòng phẩm,3165,150,779652,0.69
2026-05-30,Thể thao & Du lịch,2419,283,778941,0.75
2026-05-30,Thời trang Nam,1908,208,356900,0.84
2026-05-30,Thời trang Nữ,3617,334,791836,0.45
2026-05-30,Âm thanh & Phụ kiện,1336,163,2633816,0.57
2026-05-30,Điện thoại & Tablet,1631,176,9452774,0.31
2026-05-30,Đồ gia dụng,2871,159,358986,0.39
2026-05-31,Laptop & Máy tính,2437,160,19992529,0.84
2026-05-31,Làm đẹp & Sức khỏe,2884,166,815419,0.39
2026-05-31,Mẹ & Bé,1660,219,483296,0.3
2026-05-31,Sách & Văn phòng phẩm,2666,151,524537,0.42
2026-05-31,Thể thao & Du lịch,884,44,576655,0.33
2026-05-31,Thời trang Nam,3660,444,332687,0.44
2026-05-31,Thời trang Nữ,3521,417,304714,0.69
2026-05-31,Âm thanh & Phụ kiện,2936,226,2561122,0.89
2026-05-31,Điện thoại & Tablet,690,60,17822092,0.4
2026-05-31,Đồ gia dụng,1612,202,942898,0.54
2026-06-01,Laptop & Máy tính,2789,334,18597407,0.76
2026-06-01,Làm đẹp & Sức khỏe,2578,309,780040,0.5
2026-06-01,Mẹ & Bé,1408,156,470237,0.63
2026-06-01,Sách & Văn phòng phẩm,1075,69,582442,0.75
2026-06-01,Thể thao & Du lịch,1202,101,870994,0.77
2026-06-01,Thời trang Nam,2322,195,610598,0.4
2026-06-01,Thời trang Nữ,1518,201,912192,0.76
2026-06-01,Âm thanh & Phụ kiện,638,63,1829251,0.5
2026-06-01,Điện thoại & Tablet,1640,233,16451869,0.58
2026-06-01,Đồ gia dụng,1083,74,387772,0.84
2026-06-02,Laptop & Máy tính,2944,414,9701161,0.82
2026-06-02,Làm đẹp & Sức khỏe,2241,317,588613,0.61
2026-06-02,Mẹ & Bé,2340,182,586350,0.56
2026-06-02,Sách & Văn phòng phẩm,1365,167,432887,0.98
2026-06-02,Thể thao & Du lịch,984,137,478638,0.4
2026-06-02,Thời trang Nam,952,122,927833,0.72
2026-06-02,Thời trang Nữ,785,50,600725,0.92
2026-06-02,Âm thanh & Phụ kiện,2773,375,1569516,0.57
2026-06-02,Điện thoại & Tablet,2843,307,9637723,0.31
2026-06-02,Đồ gia dụng,1041,90,592116,0.9
2026-06-03,Laptop & Máy tính,2171,220,8467161,0.53
2026-06-03,Làm đẹp & Sức khỏe,1717,195,620018,0.93
2026-06-03,Mẹ & Bé,2593,218,516842,0.52
2026-06-03,Sách & Văn phòng phẩm,2597,302,671238,0.88
2026-06-03,Thể thao & Du lịch,1960,250,583929,0.63
2026-06-03,Thời trang Nam,2592,194,714882,0.55
2026-06-03,Thời trang Nữ,642,68,861927,0.94
2026-06-03,Âm thanh & Phụ kiện,2256,268,2118075,0.83
2026-06-03,Điện thoại & Tablet,1991,186,10907354,0.39
2026-06-03,Đồ gia dụng,2208,316,529244,0.35
2026-06-04,Laptop & Máy tính,2829,404,9060950,0.95
2026-06-04,Làm đẹp & Sức khỏe,1231,112,904098,0.46
2026-06-04,Mẹ & Bé,2824,196,778160,0.76
2026-06-04,Sách & Văn phòng phẩm,1869,262,372798,0.81
2026-06-04,Thể thao & Du lịch,534,73,995888,0.53
2026-06-04,Thời trang Nam,543,60,758480,0.69
2026-06-04,Thời trang Nữ,1678,216,899856,0.62
2026-06-04,Âm thanh & Phụ kiện,547,77,1384246,0.53
2026-06-04,Điện thoại & Tablet,792,117,19254401,0.33
2026-06-04,Đồ gia dụng,2647,355,771990,0.71
2026-06-05,Laptop & Máy tính,2949,249,12109735,0.3
2026-06-05,Làm đẹp & Sức khỏe,2606,284,408658,0.35
2026-06-05,Mẹ & Bé,1475,163,448729,0.88
2026-06-05,Sách & Văn phòng phẩm,2064,115,947966,0.81
2026-06-05,Thể thao & Du lịch,1926,288,353173,0.66
2026-06-05,Thời trang Nam,2033,303,970859,0.84
2026-06-05,Thời trang Nữ,1738,220,503781,0.49
2026-06-05,Âm thanh & Phụ kiện,1783,162,2036150,0.79
2026-06-05,Điện thoại & Tablet,1917,127,9931090,0.35
2026-06-05,Đồ gia dụng,2394,214,575753,0.66
2026-06-06,Laptop & Máy tính,3715,336,11929242,0.98
2026-06-06,Làm đẹp & Sức khỏe,2249,114,651387,0.7
2026-06-06,Mẹ & Bé,3417,204,393063,1.0
2026-06-06,Sách & Văn phòng phẩm,1927,104,420364,0.63
2026-06-06,Thể thao & Du lịch,1697,134,648441,0.77
2026-06-06,Thời trang Nam,1522,142,670159,0.87
2026-06-06,Thời trang Nữ,1592,86,761423,0.59
2026-06-06,Âm thanh & Phụ kiện,2217,148,1406050,0.7
2026-06-06,Điện thoại & Tablet,3690,416,14728191,0.82
2026-06-06,Đồ gia dụng,3723,249,841594,0.95
2026-06-07,Laptop & Máy tính,2304,166,19742003,0.54
2026-06-07,Làm đẹp & Sức khỏe,3775,358,990516,0.64
2026-06-07,Mẹ & Bé,3277,392,750490,0.37
2026-06-07,Sách & Văn phòng phẩm,2626,350,854394,0.32
2026-06-07,Thể thao & Du lịch,967,93,696944,0.64
2026-06-07,Thời trang Nam,1887,232,410089,0.71
2026-06-07,Thời trang Nữ,1732,207,648806,0.49
2026-06-07,Âm thanh & Phụ kiện,699,62,2891172,0.78
2026-06-07,Điện thoại & Tablet,2189,259,8188796,0.99
2026-06-07,Đồ gia dụng,3536,206,866097,0.99
2026-06-08,Laptop & Máy tính,2245,297,13898215,0.53
2026-06-08,Làm đẹp & Sức khỏe,928,89,771508,0.44
2026-06-08,Mẹ & Bé,1829,257,517844,0.41
2026-06-08,Sách & Văn phòng phẩm,2565,170,716472,0.96
2026-06-08,Thể thao & Du lịch,851,59,412064,0.67
2026-06-08,Thời trang Nam,1000,60,760346,0.73
2026-06-08,Thời trang Nữ,1699,172,786091,0.66
2026-06-08,Âm thanh & Phụ kiện,1034,107,2639665,0.84
2026-06-08,Điện thoại & Tablet,1577,192,14873790,0.86
2026-06-08,Đồ gia dụng,2383,307,503154,0.68
